{
    "(1, 1)": 0.01126346932634076,
    "(2, 1)": 0.004446511143438802,
    "(1, 2)": 0.009250755957863668,
    "(2, 2)": 0.0052065529047106394,
    "(3, 3)": 0.0053200740456347565,
    "(4, 4)": 0.005326623177261209,
    "(5, 5)": 0.005292654252074981,
    "(6, 6)": 0.005311994735376845,
    "(7, 7)": 0.005330601427236857,
    "(8, 8)": 0.005401202625997044,
    "(9, 9)": 0.005430818406903204,
    "(10, 10)": 0.005435142946220496
}