{
    "System 1": {
        "NMSE": 0.0037540478104481872,
        "Mean and Std Error": [
            -0.002320808244362771,
            0.05017792268239056
        ],
        "VAF": 88.06629617573122,
        "Fit Ratio": 65.45480666681864
    },
    "System 2": {
        "NMSE": 0.0015337386696647362,
        "Mean and Std Error": [
            -0.0011185761898071384,
            0.035031206788386796
        ],
        "VAF": 88.55020752195253,
        "Fit Ratio": 66.1624580117771
    },
    "System 3": {
        "NMSE": 0.0016573047192868075,
        "Mean and Std Error": [
            -0.000981558988624763,
            0.03554122157349347
        ],
        "VAF": 84.48332333853953,
        "Fit Ratio": 60.60878694244048
    },
    "System 4": {
        "NMSE": 0.0026427440172145013,
        "Mean and Std Error": [
            -0.0018181509125847416,
            0.04350423105775251
        ],
        "VAF": 93.0586703057007,
        "Fit Ratio": 73.65359665096716
    },
    "System 1,2,3 Combined": {
        "NMSE": 0.000808145915176326,
        "Mean and Std Error": [
            -0.00047504960861518593,
            0.02470708399136341
        ],
        "VAF": 88.10319782494163,
        "Fit Ratio": 65.50825870580267
    }
}