{
    "System 1": {
        "NMSE": 0.0037540478104481872,
        "NMSE_test": 0.02610652839460802,
        "Mean and Std Error": [
            -0.002320808244362771,
            0.05017792268239056
        ],
        "VAF": 88.06629617573122,
        "Fit Ratio": 65.45480666681864
    },
    "System 2": {
        "NMSE": 0.0015337386696647362,
        "NMSE_test": 0.20955249978963547,
        "Mean and Std Error": [
            -0.0011185761898071384,
            0.035031206788386796
        ],
        "VAF": 88.55020752195253,
        "Fit Ratio": 66.16245801177709
    },
    "System 3": {
        "NMSE": 0.0016573047192868075,
        "NMSE_test": 0.08374701655565187,
        "Mean and Std Error": [
            -0.000981558988624763,
            0.03554122157349347
        ],
        "VAF": 84.48332333853953,
        "Fit Ratio": 60.60878694244048
    },
    "System 4": {
        "NMSE": 0.0026427440172145013,
        "NMSE_test": 0.05694858991713884,
        "Mean and Std Error": [
            -0.0018181509125847416,
            0.04350423105775251
        ],
        "VAF": 93.0586703057007,
        "Fit Ratio": 73.65359665096716
    },
    "System 1,2,3 Combined": {
        "NMSE": 0.00308791722714305,
        "NMSE_test": 0.0052065529047106394,
        "Mean and Std Error": [
            -0.0009889034439440941,
            0.03805930133872046
        ],
        "VAF": 94.9019928893299,
        "Fit Ratio": 77.4212331809948
    }
}